appid,name,playtime_forever,img_icon_url,playtime_windows_forever,playtime_mac_forever,playtime_linux_forever,playtime_deck_forever,rtime_last_played,content_descriptorids,playtime_disconnected,has_community_visible_stats,has_leaderboards,playtime_2weeks,playtime_hours
10,Counter-Strike,0,6b0312cda02f5f777efa2f3318c307ff9acafbb5,0,0,0,0,0,"[2, 5]",0,,,,0.0
20,Team Fortress Classic,0,38ea7ebe3c1abbbbf4eabdbef174c41a972102b9,0,0,0,0,0,"[2, 5]",0,,,,0.0
30,Day of Defeat,0,aadc0ce51ff6ba2042d633f8ec033b0de62091d0,0,0,0,0,0,"[2, 5]",0,,,,0.0
40,Deathmatch Classic,0,c525f76c8bc7353db4fd74b128c4ae2028426c2a,0,0,0,0,0,,0,,,,0.0
50,Half-Life: Opposing Force,0,04e81206c10e12416908c72c5f22aad411b3aeef,0,0,0,0,0,"[2, 5]",0,,,,0.0
60,Ricochet,0,98c69e04cd59b838e05cb6980c12c05874c6419e,0,0,0,0,0,,0,,,,0.0
70,Half-Life,0,95be6d131fc61f145797317ca437c9765f24b41c,0,0,0,0,0,"[2, 5]",0,,,,0.0
130,Half-Life: Blue Shift,0,b06fdee488b3220362c11704be4edad82abeed08,0,0,0,0,0,"[2, 5]",0,,,,0.0
220,Half-Life 2,166,fcfb366051782b8ebf2aa297f3b746395858cb62,0,0,0,0,86400,"[2, 5]",0,True,,,2.7666666666666666
240,Counter-Strike: Source,40,9052fa60c496a1c03383b27687ec50f4bf0f0e10,0,0,0,0,1343977200,"[2, 5]",0,True,,,0.6666666666666666
320,Half-Life 2: Deathmatch,0,795e85364189511f4990861b578084deef086cb1,0,0,0,0,0,"[2, 5]",0,,,,0.0
360,Half-Life Deathmatch: Source,0,40b8a62efff5a9ab356e5c56f5c8b0532c8e1aa3,0,0,0,0,0,"[2, 5]",0,,,,0.0
1002,Rag Doll Kung Fu,0,59e302e982bedbe07b75ca570eb9ed888ec60a67,0,0,0,0,0,,0,,,,0.0
35700,Trine,24,298185d8ef9d688fe96a5fa15ee8174892f1c000,24,0,0,0,1639466584,,0,True,,,0.4
6010,Indiana Jones and the Fate of Atlantis,0,672d68bdaf3d61e8333ad644a916ed00e46920ed,0,0,0,0,0,,0,,,,0.0
41500,Torchlight,742,b2a2a43e401dce3c69898b67b1b8af4481d96b08,0,0,0,0,1480808188,,0,True,,,12.366666666666667
400,Portal,6,cfa928ab4119dd137e50d728e8fe703e4e970aff,0,0,0,0,1301382000,,0,True,,,0.1
8930,Sid Meier's Civilization V,18,fbe80c4743e226f0bf65559c91b12953d4446808,0,0,0,0,1478007465,,0,True,,,0.3
47810,Dragon Age: Origins - Ultimate Edition,130,e5e0b9629b314f7338f493d26227eb2bd1172e77,0,0,0,0,1475336084,,0,,,,2.1666666666666665
34330,Total War: SHOGUN 2,152,2fa97296a62daf0329b3867ad6837a2289229fbb,130,21,0,0,1612076465,,0,True,,,2.533333333333333
620,Portal 2,216,2e478fc6874d06ae5baf0d147f6f21203291aa02,0,0,0,0,1451578231,,0,True,True,,3.6
49470,Magic: The Gathering — Duels of the Planeswalkers 2012,2285,28646fee8ed4d8ead51b06d04dc35ab925d167d1,0,0,0,0,1341126000,,0,True,,,38.083333333333336
22380,Fallout: New Vegas,146,1711fd8c46d739feec76bd4a64eaeeca5b87e3a7,0,0,0,0,1417495139,,0,True,,,2.433333333333333
97330,Magic: The Gathering - Duels of the Planeswalkers 2013,681,b638cb8f36ea22352685ef10831d9960b6c2eb49,0,0,0,0,1364886000,,0,True,,,11.35
209080,Guns of Icarus Online,20,968e8c0b7a55f0229392278123dfd486140c9421,0,0,0,0,1545377117,,0,True,,,0.3333333333333333
208580,STAR WARS™ Knights of the Old Republic™ II: The Sith Lords™,1,1c9e1a68198c15eb47b35c692fbfa5adeb7a6566,0,0,0,0,1475329076,,0,True,,,0.016666666666666666
49520,Borderlands 2,128,a3f4945226e69b6196074df4c776e342d3e5a3be,0,0,0,0,1566154249,,0,True,,,2.1333333333333333
219950,NiGHTS into Dreams...,2,630fb86750aaa5d9ca713df086fa93d9804e9f02,2,0,0,0,1607408078,,0,True,,,0.03333333333333333
218230,PlanetSide 2,74,f09d788b57eccd48ad9a6d1ec0dbf0707db39612,33,0,0,0,1609814447,,0,,,,1.2333333333333334
1083500,PlanetSide 2 - Test,0,4a048ec31eba8fb4ed19a1fd8a906041119d3523,0,0,0,0,0,,0,,,,0.0
230410,Warframe,206,22064646470f4c53388ba87774c7ac10f0a91ffa,10,0,0,0,1586930030,"[2, 5]",0,True,,,3.433333333333333
238960,Path of Exile,4025,1110764aac57ac28d7ffd8c43071c75d5482a9c9,337,2884,0,0,1633381014,"[1, 2, 5]",0,True,,,67.08333333333333
203160,Tomb Raider,43,3ee640a8aba6992678e36f4e40cba9c71c02348b,0,0,0,0,1479166422,,0,True,,,0.7166666666666667
217200,Worms Armageddon,2,68c6d17bde9c578d91dd1e207b58eb4d8308ce40,2,0,0,0,1607407883,,0,,,,0.03333333333333333
72850,The Elder Scrolls V: Skyrim,64,b9aca8a189abd8d6aaf09047dbb0f57582683e1c,0,0,0,0,1475333029,"[1, 5]",0,True,,,1.0666666666666667
35720,Trine 2,1,061ecbbd7c70ae1c052377bad136c7759cbb708d,1,0,0,0,1607407537,,0,True,,,0.016666666666666666
242550,Rayman Legends,3,3525d947218233e1c2fbcc85faec66fcc1847ab3,3,0,0,0,1641784032,,0,,,,0.05
250110,Assault Android Cactus,212,d3ec4e1d00be6cbb427338092d9be74c3bfb2f29,101,3,0,0,1612581033,,0,True,True,,3.533333333333333
252950,Rocket League,677,9ad6dd3d173523354385955b5fb2af87639c4163,232,3,0,0,1623961645,,0,True,,,11.283333333333333
253900,Knights and Merchants,0,b72c6dd9bfb30f4eb6e63ed37a342ecde3ace689,0,0,0,0,0,,0,,,,0.0
253920,Gorky 17,0,6a8eda1df2035590871726bbda6c437d18ad89e3,0,0,0,0,0,,0,True,,,0.0
107410,Arma 3,80,3212af52faf994c558bd622cb0f360c1ef295a6b,13,0,0,0,1639455526,"[2, 5]",0,True,True,,1.3333333333333333
262060,Darkest Dungeon®,44,af219e7f9ed0506cb0954aabb7f24a45e38d28e4,0,0,0,0,1484788278,,0,True,,,0.7333333333333333
39210,FINAL FANTASY XIV Online,3554,98527a5229540d86ced171d8a5dff2f8a560fe80,2169,87,0,0,1672725060,,0,,,,59.233333333333334
264710,Subnautica,147,8a14ceef6e230330a916d7a6324b8c52d464d569,3,0,0,0,1609814250,,0,True,,,2.45
269190,Edge Of Eternity,368,ee9277236db28cdca18b3102959077e2d83750e0,368,0,0,0,1652805734,,0,True,,,6.133333333333334
281990,Stellaris,27,cb4a03deab1e34ed2a5cbbdf419c66bb6459625f,11,16,0,0,1610693290,,0,True,,,0.45
283640,Salt and Sanctuary,27,7db90552785b4c0a7d9d66ea5461c6a11f88c574,27,0,0,0,1645937424,,0,True,,,0.45
286160,Tabletop Simulator,819,19f5b90e3c7084758f885ded843631b13929fa26,438,381,0,0,1645236062,,0,True,,,13.65
291410,Duelyst,88,4d7b004b6f45fed627989abedd4c9923bbacc064,0,0,0,0,1513983680,,0,True,,,1.4666666666666666
292120,FINAL FANTASY XIII,1198,83c929d4965963f6e0bc17969a2599e7829ac23d,1003,0,0,0,1590905864,,0,True,,,19.966666666666665
319910,Trine 3: The Artifacts of Power,1,15853f24d7576a83cd4d54532a2a93c2d8d6024d,1,0,0,0,1607407626,,0,True,,,0.016666666666666666
324800,Shadow Warrior 2,20,e5bdde6548d967fb456b33b2674be1c8efc2d9ae,20,0,0,0,1609458163,"[2, 5]",0,True,,,0.3333333333333333
261640,Borderlands: The Pre-Sequel,0,af5ef05eac8b1eb618e4f57354ac7b3e918ab1bd,0,0,0,0,0,,0,True,,,0.0
730,Counter-Strike 2,58,8dbc71957312bbd3baea65848b545be9eae2a355,28,0,0,0,1589050207,"[2, 5]",0,True,,,0.9666666666666667
255710,Cities: Skylines,79,6cf7b10dd29db28448ef79698ed2118a03617d63,70,8,0,0,1675476549,,0,True,,,1.3166666666666667
359870,FINAL FANTASY X/X-2 HD Remaster,81,86616d56239e83099e90940c8c9424489aee2ceb,0,0,0,0,1560234776,,0,True,,,1.35
368340,CrossCode,41,188180728b733f64997d37d6ca92d1482405ca71,0,0,0,0,1554088502,,0,True,,,0.6833333333333333
386010,Steambirds Alliance,0,db9ad28a9d7b21501307998680cee2a9c9aade38,0,0,0,0,0,,0,,,,0.0
386360,SMITE,0,7ed9de7bbfab9accb81e47b84943e7478baf2f3a,0,0,0,0,0,,0,True,,,0.0
858460,SMITE - Public Test,0,20e160ebdeddbb45f1066f62797cee2dff94da95,0,0,0,0,0,,0,,,,0.0
404860,Inside Me,0,20a24d300e191a00d47d087b5c13a74b5974adf6,0,0,0,0,0,,0,True,,,0.0
411300,ELEX,121,695b3033fd72bcc3d85d02da2dbe719bd9856fc3,121,0,0,0,1594073376,,0,True,,,2.0166666666666666
950670,Gothic Playable Teaser,0,28c88dae098c9fa8efbdad3cff05bb3dd8652cc4,0,0,0,0,0,"[2, 5]",0,True,,,0.0
413150,Stardew Valley,24,35d1377200084a4034238c05b0c8930451e2fb40,24,0,0,0,1613604422,,0,True,,,0.4
268500,XCOM 2,70,f275aeb0b1b947262810569356a199848c643754,70,0,0,0,1586625999,,0,True,,,1.1666666666666667
429660,Tales of Berseria,279,bc14b91107afcf731e5c324e3f1ef83098d8a8fa,279,0,0,0,1607407320,,0,True,,,4.65
391220,Rise of the Tomb Raider,141,0b8a37f32ed2b7c934be8aa94d53f71e274c6497,141,0,0,0,1609816173,,0,True,,,2.35
275850,No Man's Sky,73,fccb20f309ac5ae05b3cb4576a8a3357edf86f2e,69,3,0,0,1685684623,,0,True,,,1.2166666666666666
455690,Pixel Puzzles Junior,0,3ecbc50cb7bda10c725f22434258a5b0492e240e,0,0,0,0,0,,0,True,,,0.0
1005240,Pixel Puzzles Illustrations & Anime,0,3d1fefd97fdf17917ab0dd16d2f802266a3d536c,0,0,0,0,0,,0,True,True,,0.0
1058200,Pixel Puzzles Traditional Jigsaws,0,acb320e3b55a25c5b7b5b9a76a6bbe922c51f063,0,0,0,0,0,,0,True,True,,0.0
466560,Northgard,132,f290db6bc98c8b40d01a13b9c99baaf705c6ac17,0,132,0,0,1692390944,,0,True,,,2.2
311210,Call of Duty: Black Ops III,54,bd3e3a9516b480164df25d16e49ae4ce4a063cb4,0,54,0,0,1610522245,,0,True,,,0.9
520440,GUILTY GEAR Xrd REV 2,89,ed7863848b12e05fe7f2d0fa3ccd8b4e98800a2a,8,0,0,0,1623115205,,0,True,,,1.4833333333333334
292030,The Witcher 3: Wild Hunt,6,6e43cb881e60712c3cccdd7f871baa56acf15328,6,0,0,0,1622248760,"[1, 5]",0,True,,,0.1
527230,For The King,2291,790411a4c44e243fa19fe8b3b6a8ca15679c7fbf,1256,1035,0,0,1679974424,,0,True,,,38.18333333333333
536930,MOBIUS FINAL FANTASY,0,fad8a8e16ab41a95bc64f3732c82f371768d3b82,0,0,0,0,0,,0,True,,,0.0
548430,Deep Rock Galactic,22,e033e23c29a192a17c16a7645a2b423ac64ff447,22,0,0,0,1607192295,[5],0,True,True,,0.36666666666666664
489830,The Elder Scrolls V: Skyrim Special Edition,83,0dfe3eed5658f9fbd8b62f8021038c0a4190f21d,82,0,0,0,1591670245,"[1, 5]",0,True,,,1.3833333333333333
402560,Tabletopia,67,00172b177589b9ecf87a8cd411b434e6b061db3b,67,0,0,0,1585538826,,0,True,,,1.1166666666666667
563560,Alien Swarm: Reactive Drop,1,3f30d5d196532aa1d79dbf133f067a38769178dc,1,0,0,0,1612077227,"[2, 5]",0,True,True,,0.016666666666666666
578080,PUBG: BATTLEGROUNDS,109,609f27278aa70697c13bf99f32c5a0248c381f9d,0,0,0,0,1528884193,"[2, 5]",0,True,,,1.8166666666666667
582660,Black Desert,182,bf5ccace0a692720984827bf042143d0d4b28a42,19,0,0,0,1622252829,"[1, 5]",0,,,,3.033333333333333
588650,Dead Cells,25,a431361e5dae5fd6ac2433064b62b2a37abc38f1,24,1,0,0,1622007455,"[2, 5]",0,True,,,0.4166666666666667
606880,GreedFall,32,80c655c74f7f8f01e02e68a6583e79376dec5963,32,0,0,0,1626650300,"[2, 5]",0,True,,,0.5333333333333333
608800,Guns of Icarus Alliance,0,d7f95f73cbed6458a74bcd4a7c0872fe332367ec,0,0,0,0,0,,0,True,,,0.0
632360,Risk of Rain 2,936,0b809ac6f25e6570fecae5fc47bca0139a7bf70c,136,0,0,0,1619482525,,0,True,,,15.6
204300,Awesomenauts,36,4996933171d0804bd0ceb7b9a0e224b3139d18ba,36,0,0,0,1586485575,,0,True,,,0.6
646570,Slay the Spire,377,33ea124ea8c03a9ce7012d34c3b348a351612fca,377,0,0,0,1590903071,,0,True,True,,6.283333333333333
350280,LawBreakers,82,319711f4eaaa60196c531f5d97da2d372319d739,0,0,0,0,1502672459,,0,True,,,1.3666666666666667
218620,PAYDAY 2,13,a6abc0d0c1e79c0b5b0f5c8ab81ce9076a542414,0,0,0,0,1497835077,,0,True,,,0.21666666666666667
473770,BallisticNG,35,704fc93e14b095867fca9f629e8b589d4ddad56a,27,8,0,0,1617766815,,0,True,,,0.5833333333333334
435150,Divinity: Original Sin 2,3977,519a99caef7c5e2b4625c8c2fa0620fb66a752f3,3977,0,0,0,1622097592,[5],0,True,,,66.28333333333333
466240,Deceit,5,9ab4436d104e73d560f6e0c439bcb150a9c5a174,5,0,0,0,1583718854,"[2, 5]",0,True,,,0.08333333333333333
469600,Legion TD 2,1005,9d6acea5877310db9a3b52c9fe8f3ccc6052ce63,81,923,0,0,1635912352,,0,True,,,16.75
755790,Ring of Elysium,2,bff111ed4307fc769143eb3d652fb940c363e37e,2,0,0,0,1641534410,"[2, 5]",0,,,,0.03333333333333333
763890,Wildermyth,48,d1d7287619c05af415234776315019124fbb032e,37,11,0,0,1699985333,,0,True,,,0.8
774461,The Jackbox Party Pack 5,1,aeb323dc48943fe83a588db94b2e9d48d4f2bdcd,1,1,0,0,1610436778,,0,True,,,0.016666666666666666
780290,Gloomhaven,124,2291d20d20db087c989341397181b511f0cb99e4,0,124,0,0,1685684699,"[2, 5]",0,True,,,2.066666666666667
252490,Rust,793,820be4782639f9c4b64fa3ca7e6c26a95ae4fd1c,792,1,0,0,1614925485,"[1, 2, 5]",0,True,,,13.216666666666667
637650,FINAL FANTASY XV WINDOWS EDITION,509,0a99fcc7b08c7240d9146390cf1be28451aeef73,509,0,0,0,1602970656,,0,True,,,8.483333333333333
552520,Far Cry 5,5,928df2d32021f480499a97458068f62c45298e7a,5,0,0,0,1622441486,"[2, 5]",0,True,,,0.08333333333333333
870780,Control Ultimate Edition,46,3438e3a03c82194349d66f99ee642ba59cbcc3dc,46,0,0,0,1626653172,"[2, 5]",0,True,,,0.7666666666666667
582010,Monster Hunter: World,122,6ec147f2d423f435e15eb79b3d82f771913de634,122,0,0,0,1586711482,,0,True,,,2.033333333333333
646910,The Crew 2,33,c627b2fa24d61b4042afbd2b183f49b9ca59bc45,33,0,0,0,1609181101,,0,True,,,0.55
835570,Conqueror's Blade,0,146c4d41ab8c557a2a9ff1818d438e74de55942a,0,0,0,0,0,"[2, 5]",0,True,,,0.0
905370,Game Migrated to Another Steam Page,110,83f7613e4b024912cd0e49633fdb41d76c804237,110,0,0,0,1602971404,,0,True,,,1.8333333333333333
412020,Metro Exodus,29,f9863ed0ffc717b130744488f088ae95fe6e9bd8,29,0,0,0,1641793942,"[2, 5]",0,True,,,0.48333333333333334
1449560,Metro Exodus Enhanced Edition,0,f9863ed0ffc717b130744488f088ae95fe6e9bd8,0,0,0,0,0,,0,True,,,0.0
945360,Among Us,25,b82c3f46da8f3c918e1c9e0d18bd6fa8fcef6801,25,0,0,0,1602113984,,0,True,,,0.4166666666666667
972660,Spiritfarer®: Farewell Edition,25,21c6c86b51df38e9480231792acf0cfc30f51820,22,2,0,0,1610431932,[5],0,True,,,0.4166666666666667
289070,Sid Meier's Civilization VI,23870,9dc914132fec244adcede62fb8e7524a72a7398c,17044,4502,0,0,1737355901,,0,True,,324.0,397.8333333333333
1004620,KungFu Kickball,27,3f64c804b1f8860e5dd73f027916ad744a022a73,0,27,0,0,1619490253,,0,True,,,0.45
1005300,The Jackbox Party Pack 6,2,3714884d0e785cef24ab19d38d1fba62a3690e2e,1,1,0,0,1610436861,,0,True,,,0.03333333333333333
524220,NieR:Automata™,1,ec431ecb2a5178c5a01bb15550f112f93af029bb,1,0,0,0,1601954332,,0,True,,,0.016666666666666666
1046300,Pirates Outlaws,192,62f8a9fcb1aaaccf733c29e12bc88628eb29604c,0,192,0,0,1692385060,,0,True,,,3.2
1056640,Phantasy Star Online 2 New Genesis,568,c54fa2778a5ebfa0d51e240f6782eb4af73e5b63,568,0,0,0,1596928129,,0,True,,,9.466666666666667
1057240,Crucible,27,cb810ddc0fcf160fc198612a957855faab8af988,27,0,0,0,1591936622,,0,,,,0.45
921570,OCTOPATH TRAVELER,158,f044bcf179c1f3609c730d5ed4e0af0a984ea8b5,158,0,0,0,1675378042,,0,True,,,2.6333333333333333
1091500,Cyberpunk 2077,208,15ba5f5437473a1b4d628b3b87223e84f4cfdf38,208,0,0,0,1639966864,"[1, 2, 5]",0,True,,,3.466666666666667
1092790,Inscryption,49,25c02dcbabe97febe787797195099325a4d47935,0,49,0,0,1667529029,,0,True,,,0.8166666666666667
1097150,Fall Guys,89,6c027709b9eb1417c993bc7d513b97b232002368,89,0,0,0,1596921376,,0,True,,,1.4833333333333334
1085660,Destiny 2,45,fce050d63f0a2f8eb51b603c7f30bfca2a301549,45,0,0,0,1663275316,,0,True,,,0.75
1104450,Bombergrounds: Reborn,13,f8bff39b0634d51f1555b70bbcb110ecfa078b74,13,0,0,0,1588307747,,0,,,,0.21666666666666667
976730,Halo: The Master Chief Collection,30,196a45d8df1981ff6b6b1872a38dc38f6c22875d,30,0,0,0,1595396501,"[2, 5]",0,True,,,0.5
1124300,HUMANKIND™,173,c2d90169b56bc798213b8bcf949d3d5924a2d0a0,171,2,0,0,1637037349,,0,True,,,2.8833333333333333
1128810,RISK: Global Domination,0,ecc6f7301e88a88e93edec1a3d4ddcc7ec9c5335,0,0,0,0,0,,0,True,,,0.0
1135260,The Falconeer,21,f786de2ab41e4195d91dc7231e3b58096b543e5f,21,0,0,0,1610265276,,0,True,,,0.35
1147560,Skul: The Hero Slayer,9,a236593e8d5c8d6fdf3db3d004b9d37c0debf3b4,0,9,0,0,1612580993,,0,True,,,0.15
690640,Trine 4: The Nightmare Prince,4,afe71b7d8dd5ceb78d971d1996266c6307ec5fd0,4,0,0,0,1630274369,,0,True,,,0.06666666666666667
1172470,Apex Legends,56,070902d2389878ac4bf29efb5b92832c60bdf24e,56,0,0,0,1645938032,,0,True,,,0.9333333333333333
1173370,Slapshot: Rebound,22,674676fb4ba48e60020869d8f5fcef1e3c1a3014,22,0,0,0,1619483997,,0,True,,,0.36666666666666664
1145360,Hades,165,8a3fca36a00883e8066263ad35dd15d77a1f9abc,121,44,0,0,1619489189,,0,True,,,2.75
1217060,Gunfire Reborn,1343,446d10e4c62466203a4c60e3416d4307048710b8,1343,0,0,0,1652325908,,0,True,,,22.383333333333333
1222730,STAR WARS™: Squadrons,79,fb47bc807e02c5ded16d36e13ba2d10dd1203205,79,0,0,0,1603064501,,0,True,,,1.3166666666666667
1237970,Titanfall® 2,2,d73c7e572859bd7490947d1aeab5c33eda18fd64,2,0,0,0,1606715681,"[2, 5]",0,True,,,0.03333333333333333
1237950,STAR WARS™ Battlefront™ II,74,dbdd20f60579c3695427801a7b8d9844cf3e428b,74,0,0,0,1653103776,,0,True,,,1.2333333333333334
1284410,GWENT: The Witcher Card Game,196,3e089897714dfc658a5e62246c342e2826a708e1,196,0,0,0,1608247305,,0,True,,,3.2666666666666666
1356810,Hexarchy,94,36a8b4e07f787cfc74b0c9ae802aaea1aafd279e,0,94,0,0,1734643078,,0,True,,,1.5666666666666667
1368450,ENDLESS™ Zone,4,2cb6729dc27e49fd1eb4ad80d69a19e77e69d74e,4,0,0,0,1607408359,,0,,,,0.06666666666666667
1399780,Spellbreak,5,6cff77cb20d57416b4a902e82feb1507a24fcdb8,5,0,0,0,1612596880,,0,True,,,0.08333333333333333
680420,OUTRIDERS,84,35088a2e2cbca86852288051fb34eac760577f83,84,0,0,0,1641783862,"[2, 5]",0,True,,,1.4
1384160,GUILTY GEAR -STRIVE-,89,7f533439eee06521bb022a7afba5e6eb3f604003,89,0,0,0,1639369054,,0,True,,,1.4833333333333334
1599340,Lost Ark,48,4e4ef2862189e1f1d3052125fb1ed6cb42bcaaf8,48,0,0,0,1652320288,"[1, 2, 5]",0,True,,,0.8
2334730,Death Must Die,40,8bb324e3520441323adf02215b66f5c0c685d6c8,0,40,0,0,1705370651,,0,True,,,0.6666666666666666
1295660,Sid Meier's Civilization VII,0,1e43e6c38695d17c2022ab9b652931a08a8a2944,0,0,0,0,0,,0,,,,0.0
1422450,Deadlock,0,f6da1420a173324d49bcd470fa3eee781ad0fa5e,0,0,0,0,0,,0,,,,0.0
440,Team Fortress 2,237,e3f595a92552da3d664ad00277fad2107345f743,0,0,0,0,1404672255,,0,True,True,,3.95
570,Dota 2,172,0bbb630d63262dd66d2fdd0f7d37e8661a410075,0,0,0,0,1482947298,[5],0,,,,2.8666666666666667
